<?xml version="1.0" encoding="UTF-8"?>
<project-private xmlns="http://www.netbeans.org/ns/project-private/1">
    <editor-bookmarks xmlns="http://www.netbeans.org/ns/editor-bookmarks/2" lastBookmarkId="0"/>
    <open-files xmlns="http://www.netbeans.org/ns/projectui-open-files/2">
        <group>
            <file>file:/C:/Users/prajwal/OneDrive/Documents/NetBeansProjects/LMS/src/lms/LMS.java</file>
            <file>file:/C:/Users/prajwal/OneDrive/Documents/NetBeansProjects/LMS/src/Forgot.java</file>
            <file>file:/C:/Users/prajwal/OneDrive/Documents/NetBeansProjects/LMS/src/Loading.java</file>
            <file>file:/C:/Users/prajwal/OneDrive/Documents/NetBeansProjects/LMS/src/Student.java</file>
            <file>file:/C:/Users/prajwal/OneDrive/Documents/NetBeansProjects/LMS/src/NewBook.java</file>
            <file>file:/C:/Users/prajwal/OneDrive/Documents/NetBeansProjects/LMS/src/Statistics.java</file>
            <file>file:/C:/Users/prajwal/OneDrive/Documents/NetBeansProjects/LMS/src/javaconnect.java</file>
            <file>file:/C:/Users/prajwal/OneDrive/Documents/NetBeansProjects/LMS/src/Home.java</file>
            <file>file:/C:/Users/prajwal/OneDrive/Documents/NetBeansProjects/LMS/src/Signup.java</file>
            <file>file:/C:/Users/prajwal/OneDrive/Documents/NetBeansProjects/LMS/src/Issue.java</file>
            <file>file:/C:/Users/prajwal/OneDrive/Documents/NetBeansProjects/LMS/src/Login.java</file>
            <file>file:/C:/Users/prajwal/OneDrive/Documents/NetBeansProjects/LMS/src/Return.java</file>
        </group>
    </open-files>
</project-private>
